[{"memberId":426935,"icaNo":0,"legalName":"MasCardManaged ONB","orgAddress":[{"streetAddressOne":"3625 PREST","cityName":"Adams","countrySubdivisionCode":"MD","countrySubdivisionDescription":"Maryland","postCode":"21218","countryCode":"USA","countryName":"UNITED STATES","regionName":"UNITED STATES","regionCode":"1"}]},{"memberId":177796,"icaNo":0,"legalName":"Masino Health Care LLC","orgAddress":[{"streetAddressOne":"2512 EAST CLEARFIELD STREET","cityName":"PHILADELPHIA","countrySubdivisionCode":"PA-840-en","postCode":"19134","countryCode":"USA","countryName":"UNITED STATES","regionName":"UNITED STATES","regionCode":"1"}]},{"memberId":181049,"icaNo":0,"legalName":"Mason Pharmacists","orgAddress":[{"streetAddressOne":"912 KENTON STATION DRIVE","cityName":"MAYSVILLE","countrySubdivisionCode":"KY-840-en","postCode":"41056","countryCode":"USA","countryName":"UNITED STATES","regionName":"UNITED STATES","regionCode":"1"}]},{"memberId":183027,"icaNo":0,"legalName":"Mason RX Inc","orgAddress":[{"streetAddressOne":"1255 CASTLE HILL AVE","cityName":"BRONX","countrySubdivisionCode":"NY-840-en","postCode":"10462","countryCode":"USA","countryName":"UNITED STATES","regionName":"UNITED STATES","regionCode":"1"}]},{"memberId":179429,"icaNo":0,"legalName":"Massey Hill Pharmacy","orgAddress":[{"streetAddressOne":"1072 SOUTHERN AVE","cityName":"FAYETTEVILLE","countrySubdivisionCode":"NC-840-en","postCode":"28306","countryCode":"USA","countryName":"UNITED STATES","regionName":"UNITED STATES","regionCode":"1"}]},{"memberId":182864,"icaNo":0,"legalName":"Massey's Pharmacy","orgAddress":[{"streetAddressOne":"222 W MAIN","cityName":"NOEL","countrySubdivisionCode":"MO-840-en","postCode":"64854","countryCode":"USA","countryName":"UNITED STATES","regionName":"UNITED STATES","regionCode":"1"}]},{"memberId":173487,"icaNo":0,"legalName":"Massey's Pharmacy, Inc.","orgAddress":[{"streetAddressOne":"219 S. WASHINGTON ST.","cityName":"NEOSHO","countrySubdivisionCode":"MO-840-en","postCode":"64850","countryCode":"USA","countryName":"UNITED STATES","regionName":"UNITED STATES","regionCode":"1"}]},{"memberId":178196,"icaNo":0,"legalName":"MAST DRUG CO., INC.","orgAddress":[{"streetAddressOne":"1910 ROSS MILL ROAD","cityName":"HENDERSONVILLE","countrySubdivisionCode":"NC-840-en","postCode":"27537","countryCode":"USA","countryName":"UNITED STATES","regionName":"UNITED STATES","regionCode":"1"}]},{"memberId":180363,"icaNo":0,"legalName":"Mast Pharmacy of Wooster Inc","orgAddress":[{"streetAddressOne":"PO BOX 208","cityName":"BERLIN","countrySubdivisionCode":"OH-840-en","postCode":"44610","countryCode":"USA","countryName":"UNITED STATES","regionName":"UNITED STATES","regionCode":"1"}]},{"memberId":152023,"icaNo":0,"legalName":"MasterCard Europe","orgAddress":[{"streetAddressOne":"Chaussee de Tervuren 198 A","cityName":"Waterloo","postCode":"1410","countryCode":"BEL","countryName":"BELGIUM","regionName":"EUROPE","regionCode":"D"}]}]